employeeNumber,lastName,firstName,extension,email,officeCode,reportsTo,jobTitle
1,Trivedi,Ramesh,x522,ramesh.trivedi@company.com,IN026,,HR Manager
2,Mehta,Varun,x821,varun.mehta@company.com,IN031,1.0,HR Manager
3,Singh,Kiran,x896,kiran.singh@company.com,IN028,1.0,Operations Manager
4,Kapoor,Alok,x288,alok.kapoor@company.com,IN048,,Software Engineer
5,Das,Pooja,x565,pooja.das@company.com,IN003,,Business Analyst
6,Reddy,Vikram,x334,vikram.reddy@company.com,IN006,5.0,Marketing Executive
7,Patil,Priya,x526,priya.patil@company.com,IN020,3.0,Operations Manager
8,Singh,Pooja,x391,pooja.singh@company.com,IN034,5.0,Data Analyst
9,Iyer,Sunita,x266,sunita.iyer@company.com,IN029,3.0,Marketing Executive
10,Desai,Swati,x885,swati.desai@company.com,IN016,8.0,HR Manager
11,Trivedi,Rohit,x792,rohit.trivedi@company.com,IN029,6.0,Sales Manager
12,Patil,Alok,x831,alok.patil@company.com,IN024,10.0,Software Engineer
13,Das,Deepak,x155,deepak.das@company.com,IN011,12.0,HR Manager
14,Joshi,Rohit,x145,rohit.joshi@company.com,IN010,3.0,Data Analyst
15,Goel,Neha,x589,neha.goel@company.com,IN029,11.0,Business Analyst
16,Malhotra,Varun,x875,varun.malhotra@company.com,IN044,1.0,Software Engineer
17,Mehta,Ramesh,x639,ramesh.mehta@company.com,IN030,6.0,Data Analyst
18,Mehta,Ajay,x608,ajay.mehta@company.com,IN003,7.0,Business Analyst
19,Verma,Priya,x126,priya.verma@company.com,IN019,17.0,Accountant
20,Sharma,Raj,x827,raj.sharma@company.com,IN019,11.0,Accountant
21,Verma,Sanjay,x498,sanjay.verma@company.com,IN038,14.0,Customer Support
22,Das,Neha,x837,neha.das@company.com,IN021,7.0,Accountant
23,Trivedi,Meena,x787,meena.trivedi@company.com,IN042,,Product Manager
24,Trivedi,Swati,x843,swati.trivedi@company.com,IN025,,Product Manager
25,Patil,Ramesh,x319,ramesh.patil@company.com,IN011,9.0,Software Engineer
26,Iyer,Ramesh,x267,ramesh.iyer@company.com,IN030,21.0,Data Analyst
27,Joshi,Priya,x765,priya.joshi@company.com,IN004,4.0,Software Engineer
28,Desai,Kiran,x859,kiran.desai@company.com,IN050,26.0,Marketing Executive
29,Iyer,Priya,x463,priya.iyer@company.com,IN026,22.0,Accountant
30,Das,Suresh,x729,suresh.das@company.com,IN012,27.0,Software Engineer
31,Pillai,Ramesh,x422,ramesh.pillai@company.com,IN050,15.0,Sales Manager
32,Pillai,Neha,x136,neha.pillai@company.com,IN037,17.0,Data Analyst
33,Goel,Suresh,x606,suresh.goel@company.com,IN013,18.0,Accountant
34,Iyer,Ajay,x450,ajay.iyer@company.com,IN012,1.0,HR Manager
35,Reddy,Swati,x627,swati.reddy@company.com,IN009,20.0,Product Manager
36,Jain,Alok,x116,alok.jain@company.com,IN040,,Accountant
37,Desai,Kavita,x361,kavita.desai@company.com,IN041,13.0,Business Analyst
38,Verma,Deepak,x654,deepak.verma@company.com,IN048,13.0,Customer Support
39,Chopra,Swati,x165,swati.chopra@company.com,IN018,,Operations Manager
40,Patil,Kavita,x866,kavita.patil@company.com,IN045,,Operations Manager
41,Patil,Deepak,x910,deepak.patil@company.com,IN028,,Customer Support
42,Desai,Varun,x408,varun.desai@company.com,IN018,25.0,Business Analyst
43,Patil,Deepak,x514,deepak.patil@company.com,IN014,10.0,Sales Manager
44,Jain,Kavita,x563,kavita.jain@company.com,IN028,19.0,Product Manager
45,Das,Ajay,x819,ajay.das@company.com,IN013,18.0,Business Analyst
46,Kapoor,Sanjay,x991,sanjay.kapoor@company.com,IN049,44.0,Operations Manager
47,Patil,Suresh,x485,suresh.patil@company.com,IN032,,Product Manager
48,Iyer,Priya,x509,priya.iyer@company.com,IN017,41.0,Software Engineer
49,Kapoor,Rohit,x492,rohit.kapoor@company.com,IN006,22.0,Customer Support
50,Pillai,Kavita,x321,kavita.pillai@company.com,IN050,14.0,HR Manager
51,Kapoor,Pooja,x531,pooja.kapoor@company.com,IN042,41.0,Product Manager
52,Nair,Vikram,x503,vikram.nair@company.com,IN008,,Marketing Executive
53,Kapoor,Meena,x802,meena.kapoor@company.com,IN028,42.0,Customer Support
54,Nair,Anita,x568,anita.nair@company.com,IN030,11.0,Business Analyst
55,Malhotra,Ajay,x250,ajay.malhotra@company.com,IN011,44.0,HR Manager
56,Nair,Kiran,x161,kiran.nair@company.com,IN021,,Data Analyst
57,Desai,Ramesh,x718,ramesh.desai@company.com,IN034,4.0,Accountant
58,Das,Suresh,x116,suresh.das@company.com,IN035,,Accountant
59,Jain,Sunita,x180,sunita.jain@company.com,IN032,26.0,Customer Support
60,Desai,Rohit,x610,rohit.desai@company.com,IN013,56.0,Operations Manager
61,Joshi,Rohit,x604,rohit.joshi@company.com,IN018,,Accountant
62,Patil,Anita,x758,anita.patil@company.com,IN048,38.0,Accountant
63,Singh,Swati,x386,swati.singh@company.com,IN044,54.0,Customer Support
64,Trivedi,Ajay,x431,ajay.trivedi@company.com,IN025,2.0,Business Analyst
65,Gupta,Amit,x369,amit.gupta@company.com,IN035,36.0,Customer Support
66,Nair,Ramesh,x343,ramesh.nair@company.com,IN028,54.0,HR Manager
67,Jain,Raj,x755,raj.jain@company.com,IN008,52.0,Business Analyst
68,Trivedi,Pooja,x214,pooja.trivedi@company.com,IN030,,Marketing Executive
69,Bose,Priya,x867,priya.bose@company.com,IN048,,Sales Manager
70,Chopra,Deepak,x636,deepak.chopra@company.com,IN028,57.0,Customer Support
71,Chopra,Pooja,x747,pooja.chopra@company.com,IN015,20.0,HR Manager
72,Patil,Sunita,x507,sunita.patil@company.com,IN021,43.0,Software Engineer
73,Iyer,Neha,x134,neha.iyer@company.com,IN008,50.0,HR Manager
74,Patil,Amit,x641,amit.patil@company.com,IN022,,Customer Support
75,Verma,Amit,x236,amit.verma@company.com,IN022,18.0,HR Manager
76,Chopra,Deepak,x973,deepak.chopra@company.com,IN005,,Operations Manager
77,Trivedi,Priya,x706,priya.trivedi@company.com,IN049,41.0,Product Manager
78,Bose,Vikram,x516,vikram.bose@company.com,IN006,62.0,Operations Manager
79,Gupta,Varun,x923,varun.gupta@company.com,IN041,74.0,Customer Support
80,Verma,Ajay,x747,ajay.verma@company.com,IN047,62.0,Business Analyst
81,Patil,Amit,x457,amit.patil@company.com,IN020,,Customer Support
82,Pillai,Swati,x703,swati.pillai@company.com,IN026,,Operations Manager
83,Singh,Swati,x175,swati.singh@company.com,IN028,76.0,Accountant
84,Pillai,Alok,x395,alok.pillai@company.com,IN006,50.0,Business Analyst
85,Bose,Suresh,x631,suresh.bose@company.com,IN047,10.0,Operations Manager
86,Pillai,Varun,x337,varun.pillai@company.com,IN004,80.0,Product Manager
87,Patil,Swati,x584,swati.patil@company.com,IN048,,Data Analyst
88,Goel,Varun,x924,varun.goel@company.com,IN048,80.0,Customer Support
89,Iyer,Kiran,x537,kiran.iyer@company.com,IN011,,Product Manager
90,Singh,Varun,x672,varun.singh@company.com,IN002,74.0,Sales Manager
91,Joshi,Suresh,x426,suresh.joshi@company.com,IN001,79.0,Sales Manager
92,Malhotra,Kavita,x632,kavita.malhotra@company.com,IN050,26.0,Accountant
93,Jain,Vikram,x561,vikram.jain@company.com,IN014,12.0,Operations Manager
94,Mehta,Suresh,x195,suresh.mehta@company.com,IN048,61.0,Data Analyst
95,Verma,Anita,x902,anita.verma@company.com,IN014,31.0,Product Manager
96,Trivedi,Ajay,x451,ajay.trivedi@company.com,IN041,70.0,Customer Support
97,Das,Priya,x708,priya.das@company.com,IN022,47.0,Operations Manager
98,Reddy,Ramesh,x187,ramesh.reddy@company.com,IN004,2.0,Sales Manager
99,Chopra,Vikram,x374,vikram.chopra@company.com,IN043,,Accountant
100,Singh,Kiran,x491,kiran.singh@company.com,IN044,57.0,Sales Manager
101,Singh,Sunita,x155,sunita.singh@company.com,IN014,30.0,HR Manager
102,Gupta,Sanjay,x262,sanjay.gupta@company.com,IN042,19.0,Customer Support
103,Singh,Meena,x730,meena.singh@company.com,IN021,48.0,Product Manager
104,Joshi,Raj,x470,raj.joshi@company.com,IN042,66.0,Sales Manager
105,Bose,Kiran,x927,kiran.bose@company.com,IN029,,Sales Manager
106,Sharma,Neha,x400,neha.sharma@company.com,IN021,,Operations Manager
107,Sharma,Priya,x181,priya.sharma@company.com,IN042,74.0,Accountant
108,Iyer,Rohit,x456,rohit.iyer@company.com,IN037,63.0,Operations Manager
109,Chopra,Sunita,x314,sunita.chopra@company.com,IN045,27.0,HR Manager
110,Chopra,Suresh,x207,suresh.chopra@company.com,IN008,40.0,Sales Manager
111,Kapoor,Meena,x522,meena.kapoor@company.com,IN025,18.0,Marketing Executive
112,Mehta,Neha,x116,neha.mehta@company.com,IN009,50.0,Data Analyst
113,Trivedi,Pooja,x438,pooja.trivedi@company.com,IN036,87.0,Marketing Executive
114,Kapoor,Alok,x881,alok.kapoor@company.com,IN047,37.0,Operations Manager
115,Goel,Ajay,x147,ajay.goel@company.com,IN027,94.0,Accountant
116,Chopra,Raj,x913,raj.chopra@company.com,IN011,112.0,Customer Support
117,Bose,Kiran,x981,kiran.bose@company.com,IN041,14.0,Software Engineer
118,Iyer,Anita,x834,anita.iyer@company.com,IN016,6.0,Customer Support
119,Mehta,Ajay,x959,ajay.mehta@company.com,IN025,12.0,Software Engineer
120,Das,Sunita,x683,sunita.das@company.com,IN036,102.0,Software Engineer
121,Iyer,Pooja,x373,pooja.iyer@company.com,IN012,79.0,Software Engineer
122,Kapoor,Ajay,x688,ajay.kapoor@company.com,IN029,,Business Analyst
123,Joshi,Ramesh,x487,ramesh.joshi@company.com,IN010,76.0,Data Analyst
124,Iyer,Kiran,x716,kiran.iyer@company.com,IN027,45.0,Software Engineer
125,Patil,Raj,x736,raj.patil@company.com,IN027,43.0,Software Engineer
126,Gupta,Priya,x478,priya.gupta@company.com,IN048,21.0,Data Analyst
127,Trivedi,Kavita,x279,kavita.trivedi@company.com,IN030,91.0,Operations Manager
128,Gupta,Ramesh,x939,ramesh.gupta@company.com,IN018,21.0,Accountant
129,Singh,Anita,x629,anita.singh@company.com,IN007,,Operations Manager
130,Patil,Anita,x367,anita.patil@company.com,IN009,8.0,Data Analyst
131,Gupta,Vikram,x207,vikram.gupta@company.com,IN004,95.0,HR Manager
132,Mehta,Rohit,x323,rohit.mehta@company.com,IN036,14.0,Software Engineer
133,Patil,Suresh,x631,suresh.patil@company.com,IN018,58.0,Accountant
134,Reddy,Anita,x169,anita.reddy@company.com,IN002,48.0,Operations Manager
135,Patil,Deepak,x484,deepak.patil@company.com,IN026,41.0,Product Manager
136,Bose,Pooja,x494,pooja.bose@company.com,IN040,41.0,HR Manager
137,Mehta,Pooja,x420,pooja.mehta@company.com,IN019,,Sales Manager
138,Das,Sanjay,x329,sanjay.das@company.com,IN038,104.0,HR Manager
139,Patil,Varun,x868,varun.patil@company.com,IN018,,Operations Manager
140,Patil,Suresh,x834,suresh.patil@company.com,IN013,121.0,Customer Support
141,Reddy,Rohit,x504,rohit.reddy@company.com,IN042,42.0,Sales Manager
142,Das,Deepak,x670,deepak.das@company.com,IN028,,Product Manager
143,Trivedi,Kiran,x390,kiran.trivedi@company.com,IN022,124.0,Software Engineer
144,Jain,Varun,x297,varun.jain@company.com,IN030,91.0,Sales Manager
145,Gupta,Varun,x993,varun.gupta@company.com,IN043,25.0,Data Analyst
146,Goel,Kavita,x921,kavita.goel@company.com,IN001,141.0,Product Manager
147,Iyer,Sanjay,x143,sanjay.iyer@company.com,IN035,57.0,Accountant
148,Sharma,Amit,x277,amit.sharma@company.com,IN032,,Customer Support
149,Desai,Swati,x791,swati.desai@company.com,IN003,62.0,Operations Manager
150,Bose,Vikram,x567,vikram.bose@company.com,IN015,,Business Analyst
151,Desai,Varun,x552,varun.desai@company.com,IN006,27.0,Product Manager
152,Bose,Amit,x480,amit.bose@company.com,IN007,39.0,Marketing Executive
153,Malhotra,Vikram,x926,vikram.malhotra@company.com,IN002,124.0,Software Engineer
154,Reddy,Anita,x512,anita.reddy@company.com,IN040,18.0,HR Manager
155,Nair,Deepak,x758,deepak.nair@company.com,IN021,54.0,Operations Manager
156,Malhotra,Raj,x267,raj.malhotra@company.com,IN006,75.0,Product Manager
157,Jain,Suresh,x204,suresh.jain@company.com,IN036,,Software Engineer
158,Verma,Kavita,x243,kavita.verma@company.com,IN025,59.0,Accountant
159,Nair,Ajay,x137,ajay.nair@company.com,IN048,93.0,HR Manager
160,Reddy,Kiran,x855,kiran.reddy@company.com,IN044,101.0,Data Analyst
161,Verma,Anita,x123,anita.verma@company.com,IN031,134.0,Business Analyst
162,Verma,Varun,x674,varun.verma@company.com,IN027,155.0,Product Manager
163,Verma,Meena,x504,meena.verma@company.com,IN003,31.0,Software Engineer
164,Chopra,Sunita,x620,sunita.chopra@company.com,IN029,62.0,Customer Support
165,Goel,Suresh,x602,suresh.goel@company.com,IN028,6.0,Marketing Executive
166,Mehta,Sunita,x347,sunita.mehta@company.com,IN009,,Operations Manager
167,Sharma,Varun,x549,varun.sharma@company.com,IN044,,Software Engineer
168,Sharma,Kiran,x517,kiran.sharma@company.com,IN013,19.0,Data Analyst
169,Malhotra,Varun,x608,varun.malhotra@company.com,IN018,22.0,Customer Support
170,Jain,Deepak,x429,deepak.jain@company.com,IN026,114.0,Sales Manager
171,Gupta,Raj,x901,raj.gupta@company.com,IN008,,Sales Manager
172,Kapoor,Kiran,x961,kiran.kapoor@company.com,IN045,138.0,Product Manager
173,Malhotra,Rohit,x343,rohit.malhotra@company.com,IN004,65.0,Business Analyst
174,Mehta,Amit,x329,amit.mehta@company.com,IN038,137.0,Product Manager
175,Joshi,Meena,x886,meena.joshi@company.com,IN027,163.0,HR Manager
176,Bose,Ajay,x497,ajay.bose@company.com,IN036,132.0,Sales Manager
177,Nair,Alok,x203,alok.nair@company.com,IN016,69.0,Accountant
178,Gupta,Deepak,x997,deepak.gupta@company.com,IN021,83.0,HR Manager
179,Desai,Anita,x602,anita.desai@company.com,IN044,143.0,Sales Manager
180,Das,Swati,x456,swati.das@company.com,IN025,122.0,Sales Manager
181,Verma,Kavita,x910,kavita.verma@company.com,IN012,19.0,Operations Manager
